,country,year,currency,gdp
0,Belgium,2016,USD,475739588764.759
1,Belgium,2017,USD,501522868356.441
2,Belgium,2018,USD,543410654016.602
3,Belgium,2019,USD,533254518108.234
4,Belgium,2020,USD,515332499627.861
5,Benin,2016,USD,11821065852.1271
6,Benin,2017,USD,12701655845.9612
7,Benin,2018,USD,14250987026.0533
8,Benin,2019,USD,14391686309.033
9,Benin,2020,USD,15651545208.8783
10,Burkina Faso,2016,USD,12833363370.174
11,Burkina Faso,2017,USD,14106956830.0857
12,Burkina Faso,2018,USD,16059910870.6239
13,Burkina Faso,2019,USD,15990803569.9961
14,Burkina Faso,2020,USD,17369059295.2226
15,Bangladesh,2016,USD,221415188000.475
16,Bangladesh,2017,USD,249710922462.309
17,Bangladesh,2018,USD,274038973437.275
18,Bangladesh,2019,USD,302563398919.928
19,Bangladesh,2020,USD,324239176765.053
20,Bulgaria,2016,USD,53806894796.3801
21,Bulgaria,2017,USD,58971520599.2509
22,Bulgaria,2018,USD,66230155099.5775
23,Bulgaria,2019,USD,68558815111.6199
24,Bulgaria,2020,USD,69105101089.5531
25,Estonia,2016,USD,24259552888.9717
26,Estonia,2017,USD,26885077004.7802
27,Estonia,2018,USD,30616184212.1592
28,Estonia,2019,USD,31471100656.2431
29,Estonia,2020,USD,31029968591.2779
30,Ethiopia,2016,USD,74296618481.0882
31,Ethiopia,2017,USD,81770791970.982
32,Ethiopia,2018,USD,84269348327.3454
33,Ethiopia,2019,USD,95912590628.1412
34,Ethiopia,2020,USD,107645054311.876
35,European Union,2016,USD,13883444699831.6
36,European Union,2017,USD,14727943783142.0
37,European Union,2018,USD,15956518442929.4
38,European Union,2019,USD,15633997955351.1
39,European Union,2020,USD,15192652399779.1
40,Fragile and conflict affected situations,2016,USD,1639129985247.7
41,Fragile and conflict affected situations,2017,USD,1676975053897.49
42,Fragile and conflict affected situations,2018,USD,1796279850832.3
43,Fragile and conflict affected situations,2019,USD,1915099191967.21
44,Fragile and conflict affected situations,2020,USD,1734071057010.89
45,Finland,2016,USD,240607907010.383
46,Finland,2017,USD,255016517537.983
47,Finland,2018,USD,275849574507.692
48,Finland,2019,USD,268966065200.0
49,Finland,2020,USD,271233883403.892
50,Fiji,2016,USD,4930204229.72263
51,Fiji,2017,USD,5353404422.08138
52,Fiji,2018,USD,5581393120.62853
53,Fiji,2019,USD,5496250694.31587
54,Fiji,2020,USD,4376014755.57615
55,France,2016,USD,2471285607081.72
56,France,2017,USD,2588740901639.81
57,France,2018,USD,2786502569559.77
58,France,2019,USD,2715518274227.45
59,France,2020,USD,2603004395901.95
60,Faroe Islands,2016,USD,2738832687.13698
61,Faroe Islands,2017,USD,2899226097.62377
62,Faroe Islands,2018,USD,3051341335.9516
63,Faroe Islands,2019,USD,3126293219.77989
64,Faroe Islands,2020,USD,3126293219.77989
65,"Micronesia, Fed. Sts.",2016,USD,332265200.0
66,"Micronesia, Fed. Sts.",2017,USD,366666800.0
67,"Micronesia, Fed. Sts.",2018,USD,401932300.0
68,"Micronesia, Fed. Sts.",2019,USD,408060600.0
69,"Micronesia, Fed. Sts.",2020,USD,408060600.0
70,"Hong Kong SAR, China",2016,USD,320837638328.846
71,"Hong Kong SAR, China",2017,USD,341244161576.759
72,"Hong Kong SAR, China",2018,USD,361691522612.745
73,"Hong Kong SAR, China",2019,USD,363016373358.517
74,"Hong Kong SAR, China",2020,USD,346585881503.635
75,Honduras,2016,USD,21717622071.3816
76,Honduras,2017,USD,23136232229.6069
77,Honduras,2018,USD,24067778953.842
78,Honduras,2019,USD,25089976946.7736
79,Honduras,2020,USD,23827840809.7014
80,Heavily indebted poor countries (HIPC),2016,USD,671572811964.428
81,Heavily indebted poor countries (HIPC),2017,USD,716948186184.384
82,Heavily indebted poor countries (HIPC),2018,USD,764543929212.911
83,Heavily indebted poor countries (HIPC),2019,USD,789537243675.88
84,Heavily indebted poor countries (HIPC),2020,USD,801469943817.275
85,Croatia,2016,USD,51601147665.8089
86,Croatia,2017,USD,55481644098.0495
87,Croatia,2018,USD,61375222347.0256
88,Croatia,2019,USD,60752588976.3175
89,Croatia,2020,USD,55966581780.1688
90,Haiti,2016,USD,13723267960.8434
91,Haiti,2017,USD,14213814582.7938
92,Haiti,2018,USD,15965670198.4548
93,Haiti,2019,USD,14332163266.3977
94,Haiti,2020,USD,13417997065.1099
95,Hungary,2016,USD,128470534117.954
96,Hungary,2017,USD,142961605733.026
97,Hungary,2018,USD,160431092908.646
98,Hungary,2019,USD,163503650313.081
99,Hungary,2020,USD,155012927629.087
100,Vietnam,2016,USD,205276000000.0
101,Vietnam,2017,USD,100000000000.0
